# Sample Dataset with x (radians), Cosine, and Sine
# x (radians)  ,  Cosine ,   Sine
1.5708,0,1
2.0944,-0.5,0.866025
2.6179,-0.866025,0.5
3.1416,-1,0
3.6652,-0.866025,-0.5
4.1888,-0.5,-0.866025
4.7124,0,-1
5.236,0.5,-0.866025
5.7596,0.866025,-0.5
6.2832,1,0
